menu_id,restaurant_id,menu_name,category,price,width,length,height,popularity_score,notes,image_url
M001,R001,파스타샐러드,기타,9900,20,20,10,10,,https://img1.kakaocdn.net/cthumb/local/C224x224.q50/?fname=http%3A%2F%2Ft1.kakaocdn.net%2Fmystore%2F5D97F56670164CF0A0D655CE9BB45EE3
M002,R001,통밀 수제 에그마요,기타,6800,15,15,10,10,,https://img1.kakaocdn.net/cthumb/local/C224x224.q50/?fname=http%3A%2F%2Ft1.kakaocdn.net%2Fmystore%2F24DA402714A843678CA0E5EE5F0581CC
M003,R001,치아바타 리코타바질,기타,8900,13,25,10,10,,https://img1.kakaocdn.net/cthumb/local/C224x224.q50/?fname=http%3A%2F%2Ft1.kakaocdn.net%2Fmystore%2F4BE3447DDEB44D24B226479B10DE0E63
M004,R001,리코타치즈 샐러드,기타,9900,20,20,10,10,,https://img1.kakaocdn.net/cthumb/local/C224x224.q50/?fname=http%3A%2F%2Ft1.daumcdn.net%2Fplace%2F976CA60BBBBD484C930162E274906B23
M005,R001,통밀 햄치즈에그,기타,7500,15,15,10,5,,https://img1.kakaocdn.net/cthumb/local/C224x224.q50/?fname=http%3A%2F%2Ft1.daumcdn.net%2Fplace%2FC306A09FD47046DC8182953F4AD7E9E6
M006,R002,간딴삼겹 도시락,한식,10500,20,10,10,10,,https://img1.kakaocdn.net/cthumb/local/C224x224.q50/?fname=http%3A%2F%2Ft1.daumcdn.net%2Fplace%2F7F122A798C724C94AA64AA97455B2B23
M007,R002,간딴삼겹 도시락,한식,14000,20,10,10,7,,https://img1.kakaocdn.net/cthumb/local/C224x224.q50/?fname=http%3A%2F%2Ft1.daumcdn.net%2Fplace%2F7F122A798C724C94AA64AA97455B2B23
M008,R002,양념삼겹 고기만,한식,15000,20,10,10,7,,https://img1.kakaocdn.net/cthumb/local/C224x224.q50/?fname=http%3A%2F%2Ft1.daumcdn.net%2Fplace%2FF88519D7E88B49CEB9A612D7FF01E968
M009,R003,트러플 루꼴라 잠봉뵈르,기타,8700,20,12,7,10,,https://img1.kakaocdn.net/cthumb/local/C224x224.q50/?fname=http%3A%2F%2Ft1.daumcdn.net%2Fplace%2FB84C45D4C8A44FE7A7A109EDAAF51FD7
M010,R003,치킨 반미,기타,8000,20,12,7,10,,https://img1.kakaocdn.net/cthumb/local/C224x224.q50/?fname=http%3A%2F%2Ft1.daumcdn.net%2Fplace%2FFB4B97B775434D69A64F1F7529C23DA1
M011,R003,와우바게트,기타,8000,20,12,7,10,,https://img1.kakaocdn.net/cthumb/local/C224x224.q50/?fname=http%3A%2F%2Ft1.daumcdn.net%2Fplace%2F6F8F61D15364495881E5D3FD269427DB
M012,R003,달콤 메이플 잠봉뵈르,기타,8500,20,12,7,10,,https://img1.kakaocdn.net/cthumb/local/C224x224.q50/?fname=http%3A%2F%2Ft1.daumcdn.net%2Fplace%2F243FBA8360114476B0FA3ECF13C50195
M013,R003,잠봉뵈르,기타,8000,20,12,7,10,,https://img1.kakaocdn.net/cthumb/local/C224x224.q50/?fname=http%3A%2F%2Ft1.daumcdn.net%2Fplace%2FF9CE025639494DDCA0BF692AD1AE352E
M014,R003,레몬버터 라즈베리,기타,6800,20,12,7,10,,https://img1.kakaocdn.net/cthumb/local/C224x224.q50/?fname=http%3A%2F%2Ft1.daumcdn.net%2Fplace%2F560C392870554E1399EBF3F7D9A4C135
M015,R004,목살스테이크샐러드,기타,9900,20,20,10,5,간장소스에 재워 그릴에 구운 돼지목살,https://img1.kakaocdn.net/cthumb/local/C224x224.q50/?fname=http%3A%2F%2Ft1.daumcdn.net%2Fplace%2F0280E28546794FA8A513C671EEDB39ED
M016,R004,닭다리살스테이크샐러드,기타,9500,20,20,10,5,마늘간장소스에 재워 부드러운 닭다리살,https://img1.kakaocdn.net/cthumb/local/C224x224.q50/?fname=http%3A%2F%2Ft1.daumcdn.net%2Fplace%2F9751F302CBD842009EDA5BF274666D07
M017,R005,스파이시포크 반미(돼지고기),기타,6500,25,10,10,7,,https://img1.kakaocdn.net/cthumb/local/C224x224.q50/?fname=http%3A%2F%2Ft1.daumcdn.net%2Fplace%2F82F389B729284E348300C77AD00BA874
M018,R005,그릴드치킨 반미(닭고기),기타,6500,25,10,10,7,,https://img1.kakaocdn.net/cthumb/local/C224x224.q50/?fname=http%3A%2F%2Ft1.daumcdn.net%2Fplace%2FC493D67D028D405DBF1251D268BBB11B
M019,R005,베지테리언 반미(두부,오크라),기타,5500,25,10,10,7,https://img1.kakaocdn.net/cthumb/local/C224x224.q50/?fname=http%3A%2F%2Ft1.daumcdn.net%2Fplace%2F45AB451402F040AA82D8F0BEEA5A8342
M020,R005,콜드컷반미(햄),기타,6000,25,10,10,5,,https://img1.kakaocdn.net/cthumb/local/C224x224.q50/?fname=http%3A%2F%2Ft1.daumcdn.net%2Fplace%2F7587C8081C304C0CA3DF11AB78D96B1D
M021,R006,밀 떡볶이,한식,4500,20,10,7,10,음식이 뜨거우니 알맞은 종류의 용기를 준비해주세요.,https://img1.kakaocdn.net/cthumb/local/C224x224.q50/?fname=http%3A%2F%2Ft1.daumcdn.net%2Fplace%2FD460BEE644944E8FB37288D6A3EFF47F
M022,R006,가래떡 떡볶이,한식,4500,20,10,7,10,음식이 뜨거우니 알맞은 종류의 용기를 준비해주세요.,https://img1.kakaocdn.net/cthumb/local/C224x224.q50/?fname=http%3A%2F%2Ft1.daumcdn.net%2Fplace%2F6794C2B669D146548D0BE2827A4532F9
M023,R006,순대,한식,5000,20,10,5,7,,https://img1.kakaocdn.net/cthumb/local/C224x224.q50/?fname=http%3A%2F%2Ft1.daumcdn.net%2Fplace%2FB650B7D3402246B89C38B96A34AB4FBA
M024,R007,꿈떡 기본떡볶이,한식,7000,15,15,10,10,,https://img1.kakaocdn.net/cthumb/local/C224x224.q50/?fname=http%3A%2F%2Ft1.kakaocdn.net%2Fmystore%2FE547235683BA44F2B04AC022AAE1C657
M025,R007,꿈떡 로제떡볶이,한식,8000,15,15,10,10,음식이 뜨거우니 알맞은 종류의 용기를 준비해주세요.,https://img1.kakaocdn.net/cthumb/local/C224x224.q50/?fname=http%3A%2F%2Ft1.kakaocdn.net%2Fmystore%2FB6AA284134A248DDB5B97BDB5D24D7E6
M026,R008,육연비빔밥,한식,7900,13,13,8,7,"계란노른자, 소스를 담을 추가 용기가 필요해요",https://img1.kakaocdn.net/cthumb/local/C224x224.q50/?fname=http%3A%2F%2Ft1.daumcdn.net%2Fplace%2F6BBC66D04B4B462099F4A75905CA81CE
M027,R008,육회,한식,11900,17,15,5,7,"계란노른자, 소스를 담을 추가 용기가 필요해요",https://img1.kakaocdn.net/cthumb/local/C224x224.q50/?fname=http%3A%2F%2Ft1.daumcdn.net%2Fplace%2F70A8BBC313204060870E01B4A86E4822
M028,R008,육회비빔밥,한식,6900,13,13,8,10,"계란노른자, 소스를 담을 추가 용기가 필요해요",https://img1.kakaocdn.net/cthumb/local/C224x224.q50/?fname=http%3A%2F%2Ft1.daumcdn.net%2Fplace%2F70A8BBC313204060870E01B4A86E4822
M029,R009,직화제육볶음(도시락),한식,9000,15,10,5,10,"반찬4종, 밥 담을 추가 용기가 필요해요",https://img1.kakaocdn.net/cthumb/local/C224x224.q50/?fname=http%3A%2F%2Ft1.daumcdn.net%2Fplace%2F70A8BBC313204060870E01B4A86E4822
M030,R010,튀김오뎅(5p),한식,1700,15,8,5,5,,https://img1.kakaocdn.net/cthumb/local/C224x224.q50/?fname=http%3A%2F%2Ft1.daumcdn.net%2Fplace%2FF022CD668F754104A0166ACD24037BBF
M031,R010,치즈떡볶이,한식,6000,17,15,5,7,음식이 뜨거우니 알맞은 종류의 용기를 준비해주세요.,https://img1.kakaocdn.net/cthumb/local/C224x224.q50/?fname=http%3A%2F%2Ft1.daumcdn.net%2Fplace%2F05832D1059BA42A595AA9DEC596EAFDD
M032,R010,신전떡볶이,한식,4000,17,15,5,10,음식이 뜨거우니 알맞은 종류의 용기를 준비해주세요.,https://img1.kakaocdn.net/cthumb/local/C224x224.q50/?fname=http%3A%2F%2Ft1.daumcdn.net%2Fplace%2FC887BC6CF87E441C94E94B24C8C1A3D1
M033,R011,오리지널 함박스테끼 정식,일식,13000,20,20,10,10,반찬과 밥을 담을 추가용기가 필요해요.,https://img1.kakaocdn.net/cthumb/local/C224x224.q50/?fname=http%3A%2F%2Ft1.kakaocdn.net%2Fmystore%2F8EFB961D94344AFE8D025181DE93090D
M034,R011,바질페스토 돈테끼 정식,일식,14000,20,20,10,10,반찬과 밥을 담을 추가용기가 필요해요.,https://img1.kakaocdn.net/cthumb/local/C224x224.q50/?fname=http%3A%2F%2Ft1.kakaocdn.net%2Fmystore%2F69664A4A4D54437E9678BB69355392C4
M035,R011,치즈 함박스테끼 정식,일식,14000,20,20,10,10,반찬과 밥을 담을 추가용기가 필요해요.,https://img1.kakaocdn.net/cthumb/local/C224x224.q50/?fname=http%3A%2F%2Ft1.kakaocdn.net%2Fmystore%2FEA5600496A294197878D7CFFDAFF2149
M036,R011,차슈동 정식,일식,14000,20,20,10,5,반찬과 밥을 담을 추가용기가 필요해요.,https://img1.kakaocdn.net/cthumb/local/C224x224.q50/?fname=http%3A%2F%2Ft1.kakaocdn.net%2Fmystore%2FC3E13F17EC9945CAA7EA0422EF5EE2FA
M037,R011,치킨난반 정식,일식,13500,15,15,10,5,반찬과 밥을 담을 추가용기가 필요해요.,https://img1.kakaocdn.net/cthumb/local/C224x224.q50/?fname=http%3A%2F%2Ft1.kakaocdn.net%2Fmystore%2F00CAA3AB580D4D21AC3B736D78DF24C6
M038,R012,활어조밥 (12pcs),일식,18000,20,15,5,5,,https://img1.kakaocdn.net/cthumb/local/C224x224.q50/?fname=http%3A%2F%2Ft1.daumcdn.net%2Fplace%2FE33B63A503784424B4236A934F6963D4
M039,R012,도로 Set (12pcs),일식,29000,20,15,5,5,,https://img1.kakaocdn.net/cthumb/local/C224x224.q50/?fname=http%3A%2F%2Ft1.daumcdn.net%2Fplace%2FB3FBB6856C544C29BB9B3B86BD6C9004
M040,R012,특미조밥 (5종 12pcs),일식,12000,20,15,5,7,,https://img1.kakaocdn.net/cthumb/local/C224x224.q50/?fname=http%3A%2F%2Ft1.daumcdn.net%2Fplace%2FDE61F685E4194719A4D39CDCEDA82D22
M041,R012,특선조밥 (5종 12pcs),일식,17000,20,15,5,5,,https://img1.kakaocdn.net/cthumb/local/C224x224.q50/?fname=http%3A%2F%2Ft1.daumcdn.net%2Fplace%2F08D23F57E6DE401084D6D90D55BD424A
M042,R012,특진조밥 (5종 12pcs),일식,22000,20,15,5,5,,https://img1.kakaocdn.net/cthumb/local/C224x224.q50/?fname=http%3A%2F%2Ft1.daumcdn.net%2Fplace%2F7FE283B36F17457E8AFF1120837DA61B
M043,R013,샹니마라탕(1인 기준),중식,11900,20,20,10,10,음식이 뜨거우니 알맞은 종류의 용기를 준비해주세요. (무게마다 가격이 달라질 수 있습니다.),https://img1.kakaocdn.net/cthumb/local/C224x224.q50/?fname=http%3A%2F%2Ft1.daumcdn.net%2Fplace%2F716F5ACA5A5B494FA2E0EE0595D09A72
M044,R013,꿔바로우(소),중식,12000,15,10,7,7,,https://img1.kakaocdn.net/cthumb/local/C224x224.q50/?fname=http%3A%2F%2Ft1.daumcdn.net%2Fplace%2FC9BBB0E58E844049AF3DF89801C09758
M045,R013,마라샹궈(소),중식,17900,20,20,10,10,무게마다 가격이 달라질 수 있습니다.,https://img1.kakaocdn.net/cthumb/local/C224x224.q50/?fname=http%3A%2F%2Ft1.daumcdn.net%2Fplace%2F20A25FE5800B417086373070CEE7B377
M046,R014,크뽕,중식식,10900,20,20,10,5,음식이 뜨거우니 알맞은 종류의 용기를 준비해주세요.,https://img1.kakaocdn.net/cthumb/local/C224x224.q50/?fname=http%3A%2F%2Ft1.daumcdn.net%2Fplace%2FD7278F7C7F174BC7B4EBE99BE8B6FB84
M047,R014,토뽕,중식,11400,20,20,10,5,음식이 뜨거우니 알맞은 종류의 용기를 준비해주세요.,https://img1.kakaocdn.net/cthumb/local/C224x224.q50/?fname=http%3A%2F%2Ft1.daumcdn.net%2Fplace%2FA98F9329E9084443B43341AE1DEE123A
M048,R014,일뽕,중식,9000,20,20,10,5,음식이 뜨거우니 알맞은 종류의 용기를 준비해주세요.,https://img1.kakaocdn.net/cthumb/local/C224x224.q50/?fname=http%3A%2F%2Ft1.daumcdn.net%2Fplace%2F0B8A611781744C86A11708749A5FF113
M049,R014,차뽕,중식,9000,20,20,10,5,음식이 뜨거우니 알맞은 종류의 용기를 준비해주세요.,https://img1.kakaocdn.net/cthumb/local/C224x224.q50/?fname=http%3A%2F%2Ft1.daumcdn.net%2Fplace%2F0CDAF72B06DD4FFD86B1D44FA7F7AA31
M050,R014,맵크뽕,중식,11500,20,20,10,5,음식이 뜨거우니 알맞은 종류의 용기를 준비해주세요.,https://img1.kakaocdn.net/cthumb/local/C224x224.q50/?fname=http%3A%2F%2Ft1.daumcdn.net%2Fplace%2F7B89C975A2184D96A95A704626156058
M051,R015,낙지김치죽,한식,12000,17,17,7,10,,https://img1.kakaocdn.net/cthumb/local/C224x224.q50/?fname=http%3A%2F%2Ft1.daumcdn.net%2Fplace%2FDD879A3E74A54845BDD8D3AA40D4FAAC
M052,R015,단팥죽,한식,10500,15,10,7,10,음식이 뜨거우니 알맞은 종류의 용기를 준비해주세요.,https://img1.kakaocdn.net/cthumb/local/C224x224.q50/?fname=http%3A%2F%2Ft1.daumcdn.net%2Fplace%2F26CBE45C046A4E7A96379AC8C7720C80
M053,R015,매콤낙지비빔밥,한식,12000,17,17,7,10,,https://img1.kakaocdn.net/cthumb/local/C224x224.q50/?fname=http%3A%2F%2Ft1.daumcdn.net%2Fplace%2F0A38D9EC69B14FD1A5212D9212A344D6
M054,R015,단호박죽,한식,10500,15,10,7,10,음식이 뜨거우니 알맞은 종류의 용기를 준비해주세요.,https://img1.kakaocdn.net/cthumb/local/C224x224.q50/?fname=http%3A%2F%2Ft1.daumcdn.net%2Fplace%2F00E5446B7D8B4B80B51E8C5665DD4432
M055,R015,쇠고기야채죽,한식,11500,15,10,7,10,음식이 뜨거우니 알맞은 종류의 용기를 준비해주세요.,https://img1.kakaocdn.net/cthumb/local/C224x224.q50/?fname=http%3A%2F%2Ft1.daumcdn.net%2Fplace%2F1F0B12F79BBF441A89388A09A46BEA52
M056,R015,진전복죽,한식,17000,15,10,7,5,음식이 뜨거우니 알맞은 종류의 용기를 준비해주세요.,https://img1.kakaocdn.net/cthumb/local/C224x224.q50/?fname=http%3A%2F%2Ft1.daumcdn.net%2Fplace%2FCD00E2271B1A4F7190646B9455EEBE29
M057,R016,진매알밥,한식,6400,17,17,7,7,,https://img1.kakaocdn.net/cthumb/local/C224x224.q50/?fname=http%3A%2F%2Ft1.daumcdn.net%2Fplace%2FD7B55A6F988D40D4BF23121A0983F82A
M058,R016,순한알밥,한식,5900,17,17,7,7,,https://img1.kakaocdn.net/cthumb/local/C224x224.q50/?fname=http%3A%2F%2Ft1.daumcdn.net%2Fplace%2F9D018D161D3D4458B41C1D00567919AA
M059,R016,약매알밥,한식,6200,17,17,7,10,,https://img1.kakaocdn.net/cthumb/local/C224x224.q50/?fname=http%3A%2F%2Ft1.daumcdn.net%2Fplace%2F5D10F4591D834E88899920F2CFF78546
M060,R016,매콤알밥,한식,6200,17,17,7,5,,https://img1.kakaocdn.net/cthumb/local/C224x224.q50/?fname=http%3A%2F%2Ft1.daumcdn.net%2Fplace%2F2A2C0AB209FB4BD196EE5BDD4CB19C6F
M061,R016,진진매알밥,한식,6700,17,17,7,5,,https://img1.kakaocdn.net/cthumb/local/C224x224.q50/?fname=http%3A%2F%2Ft1.daumcdn.net%2Fplace%2FC95B738FCA834EBAB6CB7A15C259708A
M062,R016,카레알밥,한식,6700,17,17,7,5,,https://img1.kakaocdn.net/cthumb/local/C224x224.q50/?fname=http%3A%2F%2Ft1.daumcdn.net%2Fplace%2F919DD29A8B7D418583D4EC68C3082CD6
M063,R016,짜장알밥,한식,6700,17,17,7,5,,https://img1.kakaocdn.net/cthumb/local/C224x224.q50/?fname=http%3A%2F%2Ft1.daumcdn.net%2Fplace%2FBC6FA2DA18524B6A9FF5C0FD7127D766
M064,R017,베이컨 크림 스파게티,양식,9800,15,15,10,7,,
M065,R017,마늘소테,양식,9600,15,15,10,5,,
M066,R017,퐁듀소테,양식,11400,15,15,10,5,,
M067,R017,타코샐러드,양식,9800,15,15,10,5,,
M068,R017,치즈오븐스파게티,양식,8600,15,15,10,5,,
M069,R017,떠먹는피자팬치즈,양식,8900,15,15,10,5,,
M070,R018,꿔바로우(미니),중식,9900,10,15,5,10,,https://img1.kakaocdn.net/cthumb/local/C224x224.q50/?fname=http%3A%2F%2Ft1.daumcdn.net%2Fplace%2F8200CC0B74AD4F459EB9F7280248911D
M071,R018,샹츠마라탕(1인기준),중식,12900,20,20,10,10,음식이 뜨거우니 알맞은 종류의 용기를 준비해주세요. (무게마다 가격이 달라질 수 있습니다.),https://img1.kakaocdn.net/cthumb/local/C224x224.q50/?fname=http%3A%2F%2Ft1.daumcdn.net%2Fplace%2F12CCCFBCA05A4EE9A132442677FE24F6
M072,R018,샹츠마라샹궈,중식,21900,20,20,10,10,음식이 뜨거우니 알맞은 종류의 용기를 준비해주세요. (무게마다 가격이 달라질 수 있습니다.),https://img1.kakaocdn.net/cthumb/local/C224x224.q50/?fname=http%3A%2F%2Ft1.daumcdn.net%2Fplace%2FA4D534A1096E4145ADF7349C4B3158C8
M073,R019,분짜,기타,11500,20,20,10,10,,
M074,R019,반쎄오,기타,14000,20,20,10,10,,
M075,R019,쌀국수,기타,9000,15,15,10,7,음식이 뜨거우니 알맞은 종류의 용기를 준비해주세요.,
M076,R020,팟타이,기타,12500,15,10,5,,,https://img1.kakaocdn.net/cthumb/local/C224x224.q50/?fname=http%3A%2F%2Ft1.daumcdn.net%2Fplace%2F02E0D7627BA34ADDA5528F0B37C544DD
M077,R020,해물사천 포,기타,12500,15,10,5,,음식이 뜨거우니 알맞은 종류의 용기를 준비해주세요.		,https://img1.kakaocdn.net/cthumb/local/C224x224.q50/?fname=http%3A%2F%2Ft1.daumcdn.net%2Fplace%2FB13748E483664B79A31A60235BB15987
M078,R020,시드니 포,기타,11500,15,10,5,,음식이 뜨거우니 알맞은 종류의 용기를 준비해주세요.,https://img1.kakaocdn.net/cthumb/local/C224x224.q50/?fname=http%3A%2F%2Ft1.daumcdn.net%2Fplace%2FB4A8587E19124053A542FDF2A10F8EE3
M079,R020,Pho(양지쌀국수),기타,10500,15,10,5,10,음식이 뜨거우니 알맞은 종류의 용기를 준비해주세요.,https://img1.kakaocdn.net/cthumb/local/C224x224.q50/?fname=http%3A%2F%2Ft1.daumcdn.net%2Fplace%2F48712EC77B5440318A2E515E40419FEE
M080,R020,분짜,기타,14500,15,10,5,10,,https://img1.kakaocdn.net/cthumb/local/C224x224.q50/?fname=http%3A%2F%2Ft1.daumcdn.net%2Fplace%2FCB0368BAA9F443908239A5A613C4161F
M081,R021,수아김밥,분식,5500,20,10,10,7,,https://img1.kakaocdn.net/cthumb/local/C224x224.q50/?fname=http%3A%2F%2Ft1.daumcdn.net%2Fplace%2F46DC46D67A5F46C8A291BC142FB15696
M082,R021,불진미김밥,분식,5500,20,10,10,7,,https://img1.kakaocdn.net/cthumb/local/C224x224.q50/?fname=http%3A%2F%2Ft1.daumcdn.net%2Fplace%2F227DEB30A7224FE9A795C43454B1F4A5
M083,R021,치즈크래미김밥,분식,5500,20,10,10,7,,https://img1.kakaocdn.net/cthumb/local/C224x224.q50/?fname=http%3A%2F%2Ft1.daumcdn.net%2Fplace%2FEC5482388C3F4C13B1565D8741E3BB11
M084,R021,치치불김밥,분식,5500,20,10,10,9,,https://img1.kakaocdn.net/cthumb/local/C224x224.q50/?fname=http%3A%2F%2Ft1.daumcdn.net%2Fplace%2FAA231E583140424EA37CD4611BBEC91A
M085,R021,참치김밥,분식,5500,20,10,10,8,,https://img1.kakaocdn.net/cthumb/local/C224x224.q50/?fname=http%3A%2F%2Ft1.daumcdn.net%2Fplace%2FF7AD91A9951749F0BB141F25AFE0EB1B
M086,R022,응급실국물떡볶이,분식,14000,15,15,10,6,,https://img1.kakaocdn.net/cthumb/local/C224x224.q50/?fname=http%3A%2F%2Ft1.daumcdn.net%2Fplace%2F7EFCB0E7F70F4414866656C1CBD6BB4B
M087,R022,1~1인 치즈볶이,분식,13000,15,15,10,6,,https://img1.kakaocdn.net/cthumb/local/C224x224.q50/?fname=http%3A%2F%2Ft1.daumcdn.net%2Fplace%2FBA747B1202FB4AFFA5A0E053C47C70D6
M088,R022,로제떡볶이,분식,16000,15,15,10,8,,https://img1.kakaocdn.net/cthumb/local/C224x224.q50/?fname=http%3A%2F%2Ft1.daumcdn.net%2Fplace%2F1A1DFAC173DD40ED98A28B2119E6B537
M089,R022,크림카레떢볶이,분식,16000,15,15,10,5,,https://img1.kakaocdn.net/cthumb/local/C224x224.q50/?fname=http%3A%2F%2Ft1.daumcdn.net%2Fplace%2F40E9106C021D4A92BC1117FF3225AABD
M090,R022,핫~닭발 후라이드,분식,12000,15,15,10,5,,
M091,R023,스웨그 넘치는 반반피자,양식,"21,400",30,30,3,7,,https://img1.kakaocdn.net/cthumb/local/C224x224.q50/?fname=http%3A%2F%2Ft1.daumcdn.net%2Fplace%2FE5701316542B405BA64818D509382FDE
M092,R023,시카고 라자냐,양식,"23,900",30,30,3,7,,https://img1.kakaocdn.net/cthumb/local/C224x224.q50/?fname=http%3A%2F%2Ft1.daumcdn.net%2Fplace%2FAC532B8624E742B3B7172F3FFCFC2772
M093,R023,[시그니처]대파크림치즈불고기,양식,"21,900",30,30,3,6,,https://img1.kakaocdn.net/cthumb/local/C224x224.q50/?fname=http%3A%2F%2Ft1.daumcdn.net%2Fplace%2FA0ECC2BCD2AE48DC9A1BE730E2CA9A62
M094,R023,오리진페페로니,양식,"17,900",30,30,3,6,,https://img1.kakaocdn.net/cthumb/local/C224x224.q50/?fname=http%3A%2F%2Ft1.daumcdn.net%2Fplace%2F74173018F3C6419784837617D2E14BB1
M095,R023,[BEST]갓 포테이토 베이컨,양식,"20,900",30,30,3,8,,https://img1.kakaocdn.net/cthumb/local/C224x224.q50/?fname=http%3A%2F%2Ft1.daumcdn.net%2Fplace%2F478A68DDBFFE4F2BBB4BD801D6956FB5
M096,R024,1인 순살 한우 곱도리탕,한식,"18,900",25,25,15,7,,https://img1.kakaocdn.net/cthumb/local/C224x224.q50/?fname=http%3A%2F%2Ft1.daumcdn.net%2Fplace%2F5704B5AA500A4AFD9C031B29AED24082
M097,R024,1인 한우 닭곱새,한식,"20,900",25,25,15,7,,https://img1.kakaocdn.net/cthumb/local/C224x224.q50/?fname=http%3A%2F%2Ft1.daumcdn.net%2Fplace%2F334432F823E44F63BAEFEAB266740F36
M098,R024,1인 순살 우도리탕,한식,"16,900",25,25,15,6,,https://img1.kakaocdn.net/cthumb/local/C224x224.q50/?fname=http%3A%2F%2Ft1.daumcdn.net%2Fplace%2FBCABE76151F2463489684CBBB6DB47C4
M099,R024,1인 순살 기본닭도리탕,한식,"13,900",25,25,15,6,,https://img1.kakaocdn.net/cthumb/local/C224x224.q50/?fname=http%3A%2F%2Ft1.daumcdn.net%2Fplace%2F7FB25427D3CF45DEA8D32B6DF3C9A9DA
M100,R024,명란마요 덮빕,한식,"4,000",15,15,5,4,,https://img1.kakaocdn.net/cthumb/local/C224x224.q50/?fname=http%3A%2F%2Ft1.daumcdn.net%2Fplace%2F9A37256B19D944368DBE5DC22AFD0412
M101,R025,딮제다치즈 베이컨,양식,30,30,30,3,7,,https://img1.kakaocdn.net/cthumb/local/C224x224.q50/?fname=http%3A%2F%2Ft1.daumcdn.net%2Fplace%2FBACA9DD60E3A4487889D81B907FB31BA
M102,R025,88페퍼로니,양식,30,30,30,3,7,,https://img1.kakaocdn.net/cthumb/local/C224x224.q50/?fname=http%3A%2F%2Ft1.daumcdn.net%2Fplace%2F59E5EC0E66B447E8AA3E12755E8FBABE
M103,R025,와일드 불고기 할라피뇨,양식,30,30,30,3,6,,https://img1.kakaocdn.net/cthumb/local/C224x224.q50/?fname=http%3A%2F%2Ft1.daumcdn.net%2Fplace%2F70E0B7AB8ECF40FF8E8C18DB76259D10
M104,R025,허리케인골드,양식,30,30,3,7,6,,https://img1.kakaocdn.net/cthumb/local/C224x224.q50/?fname=http%3A%2F%2Ft1.daumcdn.net%2Fplace%2F666AB30AF70940289CCE17DE3ECF5A73
M105,R025,보스 토테이토,양식,30,30,3,7,6,,https://img1.kakaocdn.net/cthumb/local/C224x224.q50/?fname=http%3A%2F%2Ft1.daumcdn.net%2Fplace%2F00934D3FFCDB4603B6390B091455F494
M106,R026,물냉면,기타,9000,15,15,10,7,,https://img1.kakaocdn.net/cthumb/local/C224x224.q50/?fname=http%3A%2F%2Ft1.daumcdn.net%2Fplace%2F5AFF30FABAEC42B5AC68E85194A18EE7
M107,R026,비빔냉면,기타,9000,15,15,10,7,,https://img1.kakaocdn.net/cthumb/local/C224x224.q50/?fname=http%3A%2F%2Ft1.daumcdn.net%2Fplace%2F5AFD7335E9114B2E9B69210C52944034
M108,R026,육회비빔냉면,기타,12700,15,15,10,8,,https://img1.kakaocdn.net/cthumb/local/C224x224.q50/?fname=http%3A%2F%2Ft1.daumcdn.net%2Fplace%2F2A9366456F5D4D2CBCA9F51FEFDF0694
M109,R026,속초회냉면,기타,12700,15,15,10,8,,https://img1.kakaocdn.net/cthumb/local/C224x224.q50/?fname=http%3A%2F%2Ft1.daumcdn.net%2Fplace%2F612EFAC9037D41DDABE1554ED972E0E5
M110,R026,제육 비빔밥,기타,9900,15,15,10,7,,https://img1.kakaocdn.net/cthumb/local/C224x224.q50/?fname=http%3A%2F%2Ft1.daumcdn.net%2Fplace%2F70414CC8B2244EA09EEC0A761EE27E7C
M111,R027,비프 샐러드파스타,기타,12900,16,16,6,10,,https://img1.kakaocdn.net/cthumb/local/C224x224.q50/?fname=http%3A%2F%2Ft1.kakaocdn.net%2Fmystore%2F042A9E13B3FE496FA95465851750338B
M112,R027,비프 와사비 덮밥,기타,12900,20,20,10,10,,https://img1.kakaocdn.net/cthumb/local/C224x224.q50/?fname=http%3A%2F%2Ft1.kakaocdn.net%2Fmystore%2FAB2A227D548D4A649229A287D3D3386F
M113,R027,포크 샐러드 파스타,기타,9900,16,16,6,10,,https://img1.kakaocdn.net/cthumb/local/C224x224.q50/?fname=http%3A%2F%2Ft1.kakaocdn.net%2Fmystore%2F55780D651E064493A0C7B922AE33BD68
M114,R027,비프 로제샐러드파스타,기타,13900,16,16,6,5,,https://img1.kakaocdn.net/cthumb/local/C224x224.q50/?fname=http%3A%2F%2Ft1.daumcdn.net%2Fplace%2FA5B2D9953FA9449B87C9C9302E9DDD09
M115,R027,비프 플레이트 샐러드,기타,13900,16,16,6,5,,https://img1.kakaocdn.net/cthumb/local/C224x224.q50/?fname=http%3A%2F%2Ft1.daumcdn.net%2Fplace%2F0CA525E9F8954357871DD4E340DCCDF6
M116,R028,로제 떡볶이,분식,11000,20,10,7,10,,https://img1.kakaocdn.net/cthumb/local/C224x224.q50/?fname=http%3A%2F%2Ft1.daumcdn.net%2Fplace%2FD2917184229C47E2ABCDB61D954AB926
M117,R028,마라 로제떡볶이,분식,15000,15,15,10,10,,https://img1.kakaocdn.net/cthumb/local/C224x224.q50/?fname=http%3A%2F%2Ft1.daumcdn.net%2Fplace%2FB60A66C9158447B89648DA2E2B92733D
M118,R028,숯불로제떡볶이,분식,15000,20,20,10,10,,https://img1.kakaocdn.net/cthumb/local/C224x224.q50/?fname=http%3A%2F%2Ft1.daumcdn.net%2Fplace%2F0E5E32BEFF2843069151EAED0E547AE2
M119,R028,국물떡볶이,분식,6000,20,20,10,5,,https://img1.kakaocdn.net/cthumb/local/C224x224.q50/?fname=http%3A%2F%2Ft1.daumcdn.net%2Fplace%2FDCEE8BF12D8C47699C17B00774DA17F9
M120,R028,짜장떡볶이,분식,6000,20,20,10,5,,https://img1.kakaocdn.net/cthumb/local/C224x224.q50/?fname=http%3A%2F%2Ft1.daumcdn.net%2Fplace%2FBC11321CA1C843B9892FDF6EB64BC307
M121,R029,최상급육회,일식,14900,20,20,10,10,,https://img1.kakaocdn.net/cthumb/local/C224x224.q50/?fname=http%3A%2F%2Ft1.daumcdn.net%2Fplace%2F9C816CE64F654EB9A726C9D2710F2699
M122,R029,생연어 사시미,일식,22900,20,20,10,10,,https://img1.kakaocdn.net/cthumb/local/C224x224.q50/?fname=http%3A%2F%2Ft1.daumcdn.net%2Fplace%2FC0333E076E374AEA85E4820D9F2B423D
M123,R029,육회+연어 한마음세트,일식,33000,17,15,5,5,,https://img1.kakaocdn.net/cthumb/local/C224x224.q50/?fname=http%3A%2F%2Ft1.daumcdn.net%2Fplace%2FFFA4A88722C44F0493BE8798DF81AB9C
M124,R029,육회 혼밥 세트,일식,17400,17,15,5,10,육회 100g + 육회덮밥 + 육회초밥 3p,https://img1.kakaocdn.net/cthumb/local/C224x224.q50/?fname=http%3A%2F%2Ft1.daumcdn.net%2Fplace%2FBCE1BD543193465C9840D42741811677
M125,R029,혼합세트2,일식,17500,20,20,10,5,연어덮밥+연어초밥 6p+음료,https://img1.kakaocdn.net/cthumb/local/C224x224.q50/?fname=http%3A%2F%2Ft1.daumcdn.net%2Fplace%2F7BE085F49B3B446AB5AFEF3B637B7F01
M126,R030,블랙앤화이트 오므라이스,양식,13500,15,15,10,10,,https://img1.kakaocdn.net/cthumb/local/C224x224.q50/?fname=http%3A%2F%2Ft1.daumcdn.net%2Fplace%2FF6D50EB752094C8798D586D6890934D8
M127,R030,큐브 스테이크 오므라이스,양식,12900,15,15,10,10,,https://img1.kakaocdn.net/cthumb/local/C224x224.q50/?fname=http%3A%2F%2Ft1.daumcdn.net%2Fplace%2FFBBB3DBA585E4FA9891E3B052E58645F
M128,R030,나홀로 오므라이스 세트,양식,15900,15,15,10,5,세부 페이지 참조,https://img1.kakaocdn.net/cthumb/local/C224x224.q50/?fname=http%3A%2F%2Ft1.daumcdn.net%2Fplace%2FE55CC3D749154DD8BC0A16F025F491C9
M129,R030,돈까스 오므라이스,양식,12900,15,15,10,10,,https://img1.kakaocdn.net/cthumb/local/C224x224.q50/?fname=http%3A%2F%2Ft1.daumcdn.net%2Fplace%2F6AD59E425A7347C4864577FA22EBC852
M130,R030,떡갈비 오므라이스,양식,12900,15,15,10,5,,https://img1.kakaocdn.net/cthumb/local/C224x224.q50/?fname=http%3A%2F%2Ft1.daumcdn.net%2Fplace%2F3B3D231366AC4E4E8BEB1662E96A67C6
M131,R031,육회 혼밥 세트,일식,16500,17,15,5,10,육회 100g + 육회초밥 3p + 육회덮밥,https://img1.kakaocdn.net/cthumb/local/C224x224.q50/?fname=http%3A%2F%2Ft1.daumcdn.net%2Fplace%2FE8F1F110A40D4C19B9AE488B3E474901
M132,R031,생연어 혼밥 세트,일식,16900,20,20,10,10,연어 8p + 연어초밥 3p + 연어덮밥,https://img1.kakaocdn.net/cthumb/local/C224x224.q50/?fname=http%3A%2F%2Ft1.daumcdn.net%2Fplace%2FC03067B5642F4EB0A8F790DB1CBDF010
M133,R031,1인세트 1,일식,18900,20,20,10,5,육회 100g + 생연어 8p +육회덮밥,https://img1.kakaocdn.net/cthumb/local/C224x224.q50/?fname=http%3A%2F%2Ft1.daumcdn.net%2Fplace%2FEA5FA573B7A545F9BACCD9D8E513799F
M134,R031,육회덮밥,일식,6900,15,20,10,10,,https://img1.kakaocdn.net/cthumb/local/C224x224.q50/?fname=http%3A%2F%2Ft1.daumcdn.net%2Fplace%2FA58788A9C87D488BAB74BE685939059B
M135,R031,최상급육회 180g,일식,13900,20,20,10,5,,https://img1.kakaocdn.net/cthumb/local/C224x224.q50/?fname=http%3A%2F%2Ft1.daumcdn.net%2Fplace%2FE354D50646634440BF4817E880D800D9
M136,R032,1인 돈까스 세트,일식,14300,15,15,10,10,용기를 두 개 준비해주세요,https://img1.kakaocdn.net/cthumb/local/C224x224.q50/?fname=http%3A%2F%2Ft1.daumcdn.net%2Fplace%2F6EB1A7D386624DC288E425751F2CA0C8
M137,R032,1인 덮밥 세트,일식,12900,15,15,10,10,용기를 두 개 준비해주세요,https://img1.kakaocdn.net/cthumb/local/C224x224.q50/?fname=http%3A%2F%2Ft1.daumcdn.net%2Fplace%2F0F0B99C512514C9595C352CA7E3AC978
M138,R032,1인 우동 세트,일식,11700,15,15,10,10,용기를 두 개 준비해주세요,https://img1.kakaocdn.net/cthumb/local/C224x224.q50/?fname=http%3A%2F%2Ft1.daumcdn.net%2Fplace%2F22B5DAEF55654A0DAC84B8424B2818AB
M139,R032,역전돈까스,일식,9300,20,20,5,5,,https://img1.kakaocdn.net/cthumb/local/C224x224.q50/?fname=http%3A%2F%2Ft1.daumcdn.net%2Fplace%2FBEDF74BA57AE443A83FFF34AFCF9869C
M140,R032,더블치즈돈까스,일식,9900,20,20,5,5,,https://img1.kakaocdn.net/cthumb/local/C224x224.q50/?fname=http%3A%2F%2Ft1.daumcdn.net%2Fplace%2F77516439CF914870A7B6B94B23747839
M141,R033,청년 라볶이,분식,7500,20,20,7,10,,https://img1.kakaocdn.net/cthumb/local/C224x224.q50/?fname=http%3A%2F%2Ft1.daumcdn.net%2Fplace%2F8C123601EFF848DBAF02B25520A99D44
M142,R033,치즈 떡볶이,분식,8500,20,10,7,10,,https://img1.kakaocdn.net/cthumb/local/C224x224.q50/?fname=http%3A%2F%2Ft1.daumcdn.net%2Fplace%2F8A13D98F29BD470496663873BDEB8DC7
M143,R033,달콤 고구마 떡볶이,분식,11000,20,10,7,10,,https://img1.kakaocdn.net/cthumb/local/C224x224.q50/?fname=http%3A%2F%2Ft1.daumcdn.net%2Fplace%2F6C6E38ACE4124255BEB97B0E72BDCF31
M144,R033,마라 떡볶이,분식,11000,20,10,7,10,,https://img1.kakaocdn.net/cthumb/local/C224x224.q50/?fname=http%3A%2F%2Ft1.daumcdn.net%2Fplace%2F3D8FB33AC10D4E25A353184E894066E3
M145,R033,차돌박이 떡볶이,분식,13000,20,10,7,10,,https://img1.kakaocdn.net/cthumb/local/C224x224.q50/?fname=http%3A%2F%2Ft1.daumcdn.net%2Fplace%2F8950FE31F5FD4C95963E7DF839B3A8B6
M155,R034,물비냉,한식,10500,20,20,10,10,,https://img1.kakaocdn.net/cthumb/local/C224x224.q50/?fname=http%3A%2F%2Ft1.daumcdn.net%2Fplace%2F73523460BFCA4A31B81E4943D3C10816
M156,R034,물냉면,한식,10500,15,15,10,10,,https://img1.kakaocdn.net/cthumb/local/C224x224.q50/?fname=http%3A%2F%2Ft1.daumcdn.net%2Fplace%2F848419358E6C492AB04F5F1375DE47BC
M157,R034,비빔냉면,한식,10500,15,15,10,10,,https://img1.kakaocdn.net/cthumb/local/C224x224.q50/?fname=http%3A%2F%2Ft1.daumcdn.net%2Fplace%2FED154396EB80463A90479A0E532DA5A5
M158,R034,불냉면,한식,11000,20,20,10,5,,https://img1.kakaocdn.net/cthumb/local/C224x224.q50/?fname=http%3A%2F%2Ft1.daumcdn.net%2Fplace%2FABA4E0426FFE4DEC94A2EC7E0A1D48CB
M159,R034,만두냉면세트,한식,13000,20,20,10,5,용기를 두 개 준비해주세요,https://img1.kakaocdn.net/cthumb/local/C224x224.q50/?fname=http%3A%2F%2Ft1.daumcdn.net%2Fplace%2F64EF6A36F8464B15BA4179D00DFEB78E
M160,R035,자이언트 김치볶음밥,한식,17900,15,15,10,10,,https://img1.kakaocdn.net/cthumb/local/C224x224.q50/?fname=http%3A%2F%2Ft1.daumcdn.net%2Fplace%2FEBD00AA185994F929CB50C8EB641CEF6
M161,R035,옛날 김치볶음밥,한식,9000,15,15,10,10,,https://img1.kakaocdn.net/cthumb/local/C224x224.q50/?fname=http%3A%2F%2Ft1.daumcdn.net%2Fplace%2F147C509147764E7C904AF318052548C9
M162,R035,철판 닭갈비 김치볶음밥,한식,12500,15,15,10,10,,https://img1.kakaocdn.net/cthumb/local/C224x224.q50/?fname=http%3A%2F%2Ft1.daumcdn.net%2Fplace%2F5837DAE3E1D34C4CAE475DC49284BD7C
M163,R035,리얼 스팸 김치볶음밥,한식,10800,15,15,10,5,,https://img1.kakaocdn.net/cthumb/local/C224x224.q50/?fname=http%3A%2F%2Ft1.daumcdn.net%2Fplace%2F8D5E26D32F4349B785121453C411C250
M164,R035,동원참치 김치볶음밥,한식,10800,15,15,10,5,,https://img1.kakaocdn.net/cthumb/local/C224x224.q50/?fname=http%3A%2F%2Ft1.daumcdn.net%2Fplace%2F4E153898CFA141898B5BB9C718D47E91
M165,R036,페퍼로니피자,양식,14000,25,25,7,5,,https://img1.kakaocdn.net/cthumb/local/C224x224.q50/?fname=http%3A%2F%2Ft1.kakaocdn.net%2Fmystore%2F8445A1A1AD754C69B1B98A8274D106F8
M166,R036,라구피자,양식,16000,25,25,7,5,,https://img1.kakaocdn.net/cthumb/local/C224x224.q50/?fname=http%3A%2F%2Ft1.kakaocdn.net%2Fmystore%2F9F1B4E45D44D48D39A076EFE4AD9DA73
M167,R036,반반피자(루꼴라&포테이토),양식,17000,25,25,7,10,,https://img1.kakaocdn.net/cthumb/local/C224x224.q50/?fname=http%3A%2F%2Ft1.kakaocdn.net%2Fmystore%2FB31F3BA493084722AA9CCD9E105EFBE6
M168,R036,포테이토 피자,양식,16000,25,25,7,7,,https://img1.kakaocdn.net/cthumb/local/C224x224.q50/?fname=http%3A%2F%2Ft1.kakaocdn.net%2Fmystore%2F0175A7E2AD7B47A7AC0A74B6D9CE6CD3
M169,R036,해를품은 파스타,양식,12500,15,15,10,7,,https://img1.kakaocdn.net/cthumb/local/C224x224.q50/?fname=http%3A%2F%2Ft1.kakaocdn.net%2Fmystore%2FB848344EB3714DC2AADDF827E653AC56
M170,R036,할아부지 라구파스타,양식,13000,15,15,10,5,,https://img1.kakaocdn.net/cthumb/local/C224x224.q50/?fname=http%3A%2F%2Ft1.kakaocdn.net%2Fmystore%2FA48BDC5F17F04737A0F743A86BB218ED
M171,R036,명란 오일파스타,양식,12500,15,15,10,5,,https://img1.kakaocdn.net/cthumb/local/C224x224.q50/?fname=http%3A%2F%2Ft1.kakaocdn.net%2Fmystore%2F00E6DE9AFC4C41B3ACD01920B26A4213
M172,R037,숯불훈연 숙성 등심카츠 정식,일식,14900,20,15,7,10,반찬과 밥을 담을 추가용기가 필요해요.,https://img1.kakaocdn.net/cthumb/local/C224x224.q50/?fname=http%3A%2F%2Ft1.daumcdn.net%2Fplace%2FED1F699EA5764EFE9E3059EE99797879
M173,R037,숯불훈연 숙성 안심카츠 정식,일식,15900,20,15,7,5,반찬과 밥을 담을 추가용기가 필요해요.,https://img1.kakaocdn.net/cthumb/local/C224x224.q50/?fname=http%3A%2F%2Ft1.daumcdn.net%2Fplace%2F85C3BCF11AE74D1B875642537E191995
M174,R037,드라이에이징 볏집훈연 특등심카츠 정식,일식,19900,20,15,7,5,반찬과 밥을 담을 추가용기가 필요해요.,https://img1.kakaocdn.net/cthumb/local/C224x224.q50/?fname=http%3A%2F%2Ft1.daumcdn.net%2Fplace%2FF49A120D5AF847B493600EE18554B79C
M175,R037,숯불훈연 순석 믹스카츠 정식,일식,16900,20,15,7,5,반찬과 밥을 담을 추가용기가 필요해요.,https://img1.kakaocdn.net/cthumb/local/C224x224.q50/?fname=http%3A%2F%2Ft1.daumcdn.net%2Fplace%2F5FC1FB1E896242B897653D22808FBF1E
M176,R037,숯불훈연 산더미 가라아게동 도시락,일식,15900,15,15,10,7,,https://img1.kakaocdn.net/cthumb/local/C224x224.q50/?fname=http%3A%2F%2Ft1.daumcdn.net%2Fplace%2FCB53355B27B446E0B2F39AE2D7ACDEF0
M177,R038,탄두리 치킨,기타,10000,15,15,10,7,,https://img1.kakaocdn.net/cthumb/local/C224x224.q50/?fname=http%3A%2F%2Ft1.daumcdn.net%2Fplace%2F51D3830E22B24605A2322B0A809CC4D1
M178,R038,치킨티카,기타,12000,15,15,10,7,,https://img1.kakaocdn.net/cthumb/local/C224x224.q50/?fname=http%3A%2F%2Ft1.daumcdn.net%2Fplace%2F9264D14C83DD4D7C893A7ED4E92010CF
M179,R038,치킨 빈달루,기타,14000,15,15,10,10,음식이 뜨거우니 알맞은 종류의 용기를 준비해주세요.,https://img1.kakaocdn.net/cthumb/local/C224x224.q50/?fname=http%3A%2F%2Ft1.daumcdn.net%2Fplace%2F40AC4942179144DD9EF054C183676F76
M180,R038,치킨 코르마,기타,13000,15,15,10,5,음식이 뜨거우니 알맞은 종류의 용기를 준비해주세요.,https://img1.kakaocdn.net/cthumb/local/C224x224.q50/?fname=http%3A%2F%2Ft1.daumcdn.net%2Fplace%2F07434D91A8E8487AB22AE2DAA7AAA077
M181,R038,치킨 마크니,기타,14000,15,15,10,5,음식이 뜨거우니 알맞은 종류의 용기를 준비해주세요.,https://img1.kakaocdn.net/cthumb/local/C224x224.q50/?fname=http%3A%2F%2Ft1.daumcdn.net%2Fplace%2FCF92D703EBBC43249775C49C524E523E
M182,R038,치킨티카 마사라 커리,기타,13000,15,15,10,5,음식이 뜨거우니 알맞은 종류의 용기를 준비해주세요.,https://img1.kakaocdn.net/cthumb/local/C224x224.q50/?fname=http%3A%2F%2Ft1.daumcdn.net%2Fplace%2F5604173E3C1A488F8EFCD8F6A5CFEA67
M183,R038,거라이 치킨 커리,기타,14000,15,15,10,5,음식이 뜨거우니 알맞은 종류의 용기를 준비해주세요.,https://img1.kakaocdn.net/cthumb/local/C224x224.q50/?fname=http%3A%2F%2Ft1.daumcdn.net%2Fplace%2F5E32D0C0A5F442D79C0075B02511E38A
M184,R039,마제소바(풀토핑),일식,13500,15,15,10,10,,https://img1.kakaocdn.net/cthumb/local/C224x224.q50/?fname=http%3A%2F%2Ft1.daumcdn.net%2Fplace%2FAD8A6646CA3549C287080D6A49BCDD41
M185,R039,카라이마제소바(매움),일식,14000,15,15,10,10,,https://img1.kakaocdn.net/cthumb/local/C224x224.q50/?fname=http%3A%2F%2Ft1.daumcdn.net%2Fplace%2FFB05C4F437E246ACBFD27F647EBCDA43
M186,R039,마제소바,일식,11000,15,15,10,7,,https://img1.kakaocdn.net/cthumb/local/C224x224.q50/?fname=http%3A%2F%2Ft1.daumcdn.net%2Fplace%2F1036853898D9495895CD78168E203013
M187,R039,카라이(매운) 마제소바,일식,12000,15,15,10,7,,https://img1.kakaocdn.net/cthumb/local/C224x224.q50/?fname=http%3A%2F%2Ft1.daumcdn.net%2Fplace%2F984D1DC1BBB14E6290390159C3120BF7
M188,R040,차돌짬뽕,중식,12500,15,15,10,10,음식이 뜨거우니 알맞은 용기를 준비해주세요.,https://img1.kakaocdn.net/cthumb/local/C224x224.q50/?fname=http%3A%2F%2Ft1.daumcdn.net%2Fplace%2F33427DA062934C64A1EE1362D3C17BA2
M189,R040,크림짬뽕,중식,13000,15,15,10,5,음식이 뜨거우니 알맞은 용기를 준비해주세요.,https://img1.kakaocdn.net/cthumb/local/C224x224.q50/?fname=http%3A%2F%2Ft1.daumcdn.net%2Fplace%2F1B4259744108469EB837DE75BEEB0D43
M190,R040,보배짜장면,중식,7500,15,15,10,10,,https://img1.kakaocdn.net/cthumb/local/C224x224.q50/?fname=http%3A%2F%2Ft1.daumcdn.net%2Fplace%2FDE5F1FDC567641C7964EA0F94C4C56B3
M191,R040,볶음밥,중식,9000,15,15,10,5,,https://img1.kakaocdn.net/cthumb/local/C224x224.q50/?fname=http%3A%2F%2Ft1.daumcdn.net%2Fplace%2F74E0D12EC8D0404684ABB116817531B3
M192,R040,해물짬뽕,중식,12500,15,15,10,7,음식이 뜨거우니 알맞은 용기를 준비해주세요.,https://img1.kakaocdn.net/cthumb/local/C224x224.q50/?fname=http%3A%2F%2Ft1.daumcdn.net%2Fplace%2FF7E91BD27DA649F8BC6924D9016FD539
M193,R040,불고기잡채밥,중식,10500,15,15,10,5,,https://img1.kakaocdn.net/cthumb/local/C224x224.q50/?fname=http%3A%2F%2Ft1.daumcdn.net%2Fplace%2F3F000F82182F4A39918DACF9F7281AB6
M194,R040,탕수육,중식,14000,20,20,10,7,,https://img1.kakaocdn.net/cthumb/local/C224x224.q50/?fname=http%3A%2F%2Ft1.daumcdn.net%2Fplace%2F106FA98A90AD45C2BBC8923C458F5ABB
M195,R041,데미그라스돈까스,일식,13500,25,25,1,10,,https://img1.kakaocdn.net/cthumb/local/C224x224.q50/?fname=http%3A%2F%2Ft1.daumcdn.net%2Fplace%2FAF8876468A574B188945A0E0ACA83DFC
M196,R041,가츠동,일식,10500,15,15,10,10,,https://img1.kakaocdn.net/cthumb/local/C224x224.q50/?fname=http%3A%2F%2Ft1.daumcdn.net%2Fplace%2F5D6CD468A0734A01A0980A88B2B59B4A
M197,R041,특규동,일식,14000,15,15,10,5,,https://img1.kakaocdn.net/cthumb/local/C224x224.q50/?fname=http%3A%2F%2Ft1.daumcdn.net%2Fplace%2FCAA802FC08AF409EB94C0BA5C0FE6F69
M198,R041,가츠카레라이스,기타,13000,15,15,10,7,,https://img1.kakaocdn.net/cthumb/local/C224x224.q50/?fname=http%3A%2F%2Ft1.daumcdn.net%2Fplace%2F3A451187CF96499C8366C6126B669B58
M199,R041,오야꼬동,일식,10500,15,15,10,5,,https://img1.kakaocdn.net/cthumb/local/C224x224.q50/?fname=http%3A%2F%2Ft1.daumcdn.net%2Fplace%2F2657116D5C6E4A3F8A4CDC3FE2EC555E
M200,R041,소고기 매콤 카레라이스,기타,10500,15,15,10,7,,https://img1.kakaocdn.net/cthumb/local/C224x224.q50/?fname=http%3A%2F%2Ft1.daumcdn.net%2Fplace%2FB4162BC400A34BF58694134E936CBD82
M201,R041,치킨 카레라이스,기타,13000,15,15,10,10,,https://img1.kakaocdn.net/cthumb/local/C224x224.q50/?fname=http%3A%2F%2Ft1.daumcdn.net%2Fplace%2F701A063028A34913BBFBC85B188883FF
M202,R042,스팸타마고 밥버거,한식,4900,10,10,7,10,,https://img1.kakaocdn.net/cthumb/local/C224x224.q50/?fname=http%3A%2F%2Ft1.daumcdn.net%2Fplace%2F2B5A5D8BDE53410E85D046D787679D90
M203,R042,시그니쳐 간장치킨 밥버거,한식,4900,10,10,7,10,,https://img1.kakaocdn.net/cthumb/local/C224x224.q50/?fname=http%3A%2F%2Ft1.daumcdn.net%2Fplace%2F1FC6C6142E41469E881E4B9A79AAE30C
M204,R042,두부조림 밥버거,한식,4600,10,10,7,7,,https://img1.kakaocdn.net/cthumb/local/C224x224.q50/?fname=http%3A%2F%2Ft1.daumcdn.net%2Fplace%2FD412277B32F342209EC5F0239FAF5C9B
M205,R042,불고기 밥버거,한식,4600,10,10,7,5,,https://img1.kakaocdn.net/cthumb/local/C224x224.q50/?fname=http%3A%2F%2Ft1.daumcdn.net%2Fplace%2F370739EDB1A8499CB4A2EC8973F77DA4
M206,R042,김치삼겹 밥버거,한식,4600,10,10,7,5,,https://img1.kakaocdn.net/cthumb/local/C224x224.q50/?fname=http%3A%2F%2Ft1.daumcdn.net%2Fplace%2F56C72A409A0C42B595FCA42778E7E37E
M207,R042,HOT 치킨 밥버거,한식,4900,10,10,7,5,,https://img1.kakaocdn.net/cthumb/local/C224x224.q50/?fname=http%3A%2F%2Ft1.daumcdn.net%2Fplace%2F78751A35E31942B69A2AF42AB0C3CC7D
M208,R042,새우까츠 밥버거,한식,4900,10,10,7,5,,https://img1.kakaocdn.net/cthumb/local/C224x224.q50/?fname=http%3A%2F%2Ft1.daumcdn.net%2Fplace%2F8FFADC8713C94AAAB7C592F4ACABE9E1
M209,R042,불고기 타마고 밥버거,한식,5400,10,10,7,5,,https://img1.kakaocdn.net/cthumb/local/C224x224.q50/?fname=http%3A%2F%2Ft1.daumcdn.net%2Fplace%2F533AA0D49C32410E96D033E9007D95C0
M210,R043,등심돈까스,일식,15000,20,20,10,10,반찬과 밥을 담을 추가용기가 필요해요.,https://img1.kakaocdn.net/cthumb/local/C224x224.q50/?fname=http%3A%2F%2Ft1.daumcdn.net%2Fplace%2F2B5DC4079DC94439BEC721902C184465
M211,R043,안심돈까스,일식,15000,20,10,10,7,반찬과 밥을 담을 추가용기가 필요해요.,https://img1.kakaocdn.net/cthumb/local/C224x224.q50/?fname=http%3A%2F%2Ft1.daumcdn.net%2Fplace%2F41D2229361FC4289AFB1E4FC962155E9
M212,R043,치즈돈까스,일식,16000,20,10,10,7,반찬과 밥을 담을 추가용기가 필요해요.,https://img1.kakaocdn.net/cthumb/local/C224x224.q50/?fname=http%3A%2F%2Ft1.daumcdn.net%2Fplace%2F9E0C0DFE2C5542BEA2D194862BCA13C9